pulsep,pulsen,thrust_N,torque_Nm
1060,1060,0.0304,-0.00025
1060,1080,0.0333,-0.001371
1060,1100,0.0663,-0.002558
1060,1120,0.1213,-0.003689
1060,1140,0.1718,-0.004854
1060,1160,0.174,-0.006562
1060,1180,0.307,-0.008733
1060,1200,0.4336,-0.010296
1060,1220,0.4953,-0.012394
1060,1240,0.5893,-0.01469
1060,1260,0.6643,-0.016588
1060,1280,0.798,-0.019193
1060,1300,0.9163,-0.021863
1060,1320,0.9593,-0.025031
1060,1340,1.1262,-0.028189
1060,1360,1.2148,-0.030932
1060,1380,1.2675,-0.033442
1060,1400,1.4268,-0.037203
1060,1420,1.6051,-0.040696
1060,1440,1.6972,-0.043157
1060,1460,1.7512,-0.046105
1060,1480,2.1798,-0.051757
1060,1500,2.2444,-0.048823
1060,1520,1.976,-0.051907
1060,1540,2.1216,-0.055221
1060,1560,2.9657,-0.066619
1060,1580,2.6946,-0.066133
1060,1600,2.8511,-0.0706
1060,1620,2.7904,-0.083881
1060,1640,3.5309,-0.083258
1060,1660,3.5688,-0.089214
1060,1680,3.3885,-0.090881
1060,1700,4.0015,-0.10298
1060,1720,4.4391,-0.114982
1060,1740,4.6232,-0.108064
1060,1760,4.681,-0.121162
1060,1780,5.2917,-0.115969
1060,1800,4.7108,-0.131564
1080,1060,0.0482,0.000983
1080,1080,0.0452,-0.000714
1080,1100,0.0893,-0.002358
1080,1120,0.1502,-0.003391
1080,1140,0.1987,-0.005135
1080,1160,0.1813,-0.006442
1080,1180,0.3574,-0.009164
1080,1200,0.4466,-0.010761
1080,1220,0.5493,-0.012131
1080,1240,0.6229,-0.014773
1080,1260,0.708,-0.017151
1080,1280,0.8212,-0.019289
1080,1300,0.9802,-0.022127
1080,1320,0.9999,-0.025681
1080,1340,1.1476,-0.028072
1080,1360,1.2295,-0.030924
1080,1380,1.3291,-0.034527
1080,1400,1.5193,-0.037808
1080,1420,1.6264,-0.041477
1080,1440,1.7959,-0.043729
1080,1460,1.7924,-0.046401
1080,1480,2.2352,-0.05062
1080,1500,2.0875,-0.052437
1080,1520,2.2939,-0.052927
1080,1540,2.4455,-0.056088
1080,1560,3.1374,-0.065476
1080,1580,2.682,-0.067457
1080,1600,3.1727,-0.070497
1080,1620,2.7571,-0.082159
1080,1640,3.3951,-0.083715
1080,1660,3.0566,-0.087532
1080,1680,3.5043,-0.090299
1080,1700,3.7897,-0.099563
1080,1720,4.3655,-0.110294
1080,1740,4.6379,-0.107855
1080,1760,4.8625,-0.121098
1080,1780,5.2203,-0.114615
1080,1800,4.7273,-0.130544
1100,1060,0.0814,0.001587
1100,1080,0.0989,0.000245
1100,1100,0.125,-0.001475
1100,1120,0.1842,-0.002656
1100,1140,0.2046,-0.004239
1100,1160,0.2722,-0.00571
1100,1180,0.4182,-0.008407
1100,1200,0.4952,-0.01006
1100,1220,0.5698,-0.011452
1100,1240,0.6461,-0.013941
1100,1260,0.7456,-0.017032
1100,1280,0.8331,-0.018384
1100,1300,0.9794,-0.021821
1100,1320,0.9831,-0.024416
1100,1340,1.1327,-0.027228
1100,1360,1.212,-0.029929
1100,1380,1.3289,-0.032948
1100,1400,1.461,-0.03678
1100,1420,1.6667,-0.040871
1100,1440,1.8194,-0.042366
1100,1460,1.8162,-0.045566
1100,1480,2.2656,-0.049368
1100,1500,2.1487,-0.050316
1100,1520,2.2325,-0.052375
1100,1540,2.4767,-0.05608
1100,1560,3.1159,-0.065321
1100,1580,2.876,-0.069048
1100,1600,2.9328,-0.069851
1100,1620,2.842,-0.080871
1100,1640,3.381,-0.084298
1100,1660,3.1828,-0.086786
1100,1680,3.4782,-0.090251
1100,1700,3.8844,-0.099497
1100,1720,4.3256,-0.111788
1100,1740,4.7142,-0.106587
1100,1760,5.1084,-0.121055
1100,1780,5.0956,-0.113982
1100,1800,4.7361,-0.130327
1120,1060,0.1346,0.002597
1120,1080,0.1618,0.001105
1120,1100,0.2284,-0.000107
1120,1120,0.2228,-0.001684
1120,1140,0.2593,-0.003244
1120,1160,0.3329,-0.005056
1120,1180,0.4441,-0.007416
1120,1200,0.5402,-0.008718
1120,1220,0.6249,-0.010897
1120,1240,0.6663,-0.012723
1120,1260,0.7622,-0.015785
1120,1280,0.8629,-0.017451
1120,1300,0.9971,-0.02074
1120,1320,1.0465,-0.024133
1120,1340,1.1715,-0.026692
1120,1360,1.2611,-0.029298
1120,1380,1.4129,-0.033514
1120,1400,1.5331,-0.036247
1120,1420,1.6675,-0.039833
1120,1440,1.8403,-0.042259
1120,1460,1.8765,-0.044893
1120,1480,2.3042,-0.04879
1120,1500,2.2466,-0.048958
1120,1520,2.2594,-0.052265
1120,1540,2.5022,-0.055141
1120,1560,2.9799,-0.064124
1120,1580,2.8443,-0.066621
1120,1600,3.1454,-0.06935
1120,1620,2.9345,-0.08122
1120,1640,3.3752,-0.082356
1120,1660,3.1268,-0.087111
1120,1680,3.4833,-0.088898
1120,1700,3.963,-0.099323
1120,1720,4.5154,-0.11042
1120,1740,4.6299,-0.107175
1120,1760,4.981,-0.117971
1120,1780,5.0518,-0.113474
1120,1800,4.8845,-0.128452
1140,1060,0.2092,0.004039
1140,1080,0.2116,0.002677
1140,1100,0.1778,-0.003141
1140,1120,0.2734,-0.000263
1140,1140,0.313,-0.00188
1140,1160,0.3819,-0.003442
1140,1180,0.4771,-0.006175
1140,1200,0.5979,-0.007566
1140,1220,0.661,-0.009311
1140,1240,0.7259,-0.011393
1140,1260,0.8245,-0.014097
1140,1280,0.9132,-0.016288
1140,1300,1.0616,-0.019649
1140,1320,1.0629,-0.022051
1140,1340,1.1998,-0.024961
1140,1360,1.3116,-0.028397
1140,1380,1.4353,-0.032116
1140,1400,1.5332,-0.034733
1140,1420,1.6938,-0.038673
1140,1440,1.8227,-0.040968
1140,1460,1.9144,-0.043408
1140,1480,2.3326,-0.046621
1140,1500,2.29,-0.047937
1140,1520,2.3047,-0.050966
1140,1540,2.5326,-0.054233
1140,1560,3.1934,-0.062956
1140,1580,2.9156,-0.064856
1140,1600,3.1516,-0.068716
1140,1620,2.9351,-0.080162
1140,1640,3.4539,-0.081771
1140,1660,3.3376,-0.083993
1140,1680,3.4269,-0.090148
1140,1700,3.8839,-0.097513
1140,1720,5.1952,-0.108446
1140,1740,4.7079,-0.104896
1140,1760,5.5746,-0.116834
1140,1780,5.1108,-0.113702
1140,1800,4.9182,-0.1266
1160,1060,0.2825,0.005631
1160,1080,0.2685,0.004044
1160,1100,0.289,0.002836
1160,1120,0.3363,0.001369
1160,1140,0.3844,-0.000347
1160,1160,0.3858,-0.001628
1160,1180,0.4809,-0.004378
1160,1200,0.6441,-0.006037
1160,1220,0.7149,-0.008381
1160,1240,0.794,-0.010849
1160,1260,0.8907,-0.013445
1160,1280,0.9627,-0.014682
1160,1300,1.0885,-0.018042
1160,1320,1.1262,-0.021314
1160,1340,1.2479,-0.023947
1160,1360,1.3815,-0.027104
1160,1380,1.4628,-0.029633
1160,1400,1.5769,-0.032738
1160,1420,1.8029,-0.037427
1160,1440,1.8612,-0.038905
1160,1460,1.9644,-0.042692
1160,1480,2.3946,-0.044939
1160,1500,2.345,-0.045817
1160,1520,2.3887,-0.049627
1160,1540,2.59,-0.051363
1160,1560,3.334,-0.060727
1160,1580,3.0194,-0.062783
1160,1600,3.1666,-0.0667
1160,1620,2.9945,-0.076958
1160,1640,3.3805,-0.08066
1160,1660,3.352,-0.084005
1160,1680,3.2729,-0.090301
1160,1700,4.0087,-0.097271
1160,1720,4.8873,-0.105922
1160,1740,5.3669,-0.106879
1160,1760,6.1071,-0.117187
1160,1780,5.1696,-0.113222
1160,1800,4.9301,-0.12527
1180,1060,0.3854,0.007238
1180,1080,0.3844,0.005891
1180,1100,0.3816,0.004517
1180,1120,0.4074,0.003061
1180,1140,0.4603,0.001338
1180,1160,0.5659,-0.000439
1180,1180,0.5595,-0.002856
1180,1200,0.7155,-0.00495
1180,1220,0.8068,-0.007078
1180,1240,0.8658,-0.009427
1180,1260,0.9229,-0.011825
1180,1280,1.0693,-0.014679
1180,1300,1.1881,-0.01708
1180,1320,1.1761,-0.019792
1180,1340,1.33,-0.022697
1180,1360,1.4165,-0.02562
1180,1380,1.5933,-0.029808
1180,1400,1.674,-0.031871
1180,1420,1.8256,-0.036016
1180,1440,1.8871,-0.03824
1180,1460,2.0934,-0.041832
1180,1480,2.4861,-0.041448
1180,1500,2.4332,-0.044124
1180,1520,2.4428,-0.047317
1180,1540,2.6617,-0.05049
1180,1560,3.3811,-0.057516
1180,1580,3.0669,-0.060721
1180,1600,3.2744,-0.065156
1180,1620,3.0702,-0.074593
1180,1640,3.3552,-0.078374
1180,1660,3.4606,-0.078831
1180,1680,3.7071,-0.08451
1180,1700,3.9558,-0.094056
1180,1720,5.1452,-0.104087
1180,1740,5.1672,-0.103439
1180,1760,5.8908,-0.114015
1180,1780,5.1541,-0.111707
1180,1800,5.31,-0.121072
1200,1060,0.4689,0.007998
1200,1080,0.4679,0.007652
1200,1100,0.4563,0.006609
1200,1120,0.5279,0.004446
1200,1140,0.5341,0.003156
1200,1160,0.5876,0.000838
1200,1180,0.6096,-0.001527
1200,1200,0.7684,-0.003145
1200,1220,0.8665,-0.005489
1200,1240,0.9193,-0.007512
1200,1260,0.974,-0.009568
1200,1280,1.1194,-0.012748
1200,1300,1.213,-0.015418
1200,1320,1.28,-0.018621
1200,1340,1.3997,-0.021747
1200,1360,1.513,-0.024551
1200,1380,1.6164,-0.027855
1200,1400,1.7476,-0.031313
1200,1420,1.8509,-0.034701
1200,1440,1.9714,-0.03642
1200,1460,2.0737,-0.039279
1200,1480,2.5739,-0.03907
1200,1500,2.5455,-0.040865
1200,1520,2.5532,-0.043553
1200,1540,2.7128,-0.048327
1200,1560,3.3884,-0.055555
1200,1580,3.1734,-0.05773
1200,1600,3.3245,-0.060374
1200,1620,3.2992,-0.071325
1200,1640,3.3978,-0.07663
1200,1660,3.4833,-0.077347
1200,1680,3.7433,-0.083556
1200,1700,3.9986,-0.091817
1200,1720,5.1797,-0.101282
1200,1740,5.1795,-0.101574
1200,1760,5.9045,-0.111128
1200,1780,5.16,-0.110055
1200,1800,5.4004,-0.120201
1220,1060,0.5636,0.010976
1220,1080,0.5685,0.00898
1220,1100,0.5378,0.007606
1220,1120,0.5916,0.007088
1220,1140,0.6104,0.004857
1220,1160,0.6725,0.002544
1220,1180,0.6765,0.000722
1220,1200,0.834,-0.001015
1220,1220,0.9379,-0.00413
1220,1240,1.0033,-0.006251
1220,1260,1.0583,-0.008051
1220,1280,1.1878,-0.011386
1220,1300,1.3037,-0.014674
1220,1320,1.3459,-0.016958
1220,1340,1.4508,-0.019544
1220,1360,1.599,-0.022973
1220,1380,1.6979,-0.025958
1220,1400,1.7901,-0.028295
1220,1420,1.924,-0.033222
1220,1440,2.0422,-0.035766
1220,1460,2.1369,-0.038826
1220,1480,2.6486,-0.035608
1220,1500,2.6564,-0.037685
1220,1520,2.6301,-0.041518
1220,1540,2.7623,-0.045738
1220,1560,3.5825,-0.051796
1220,1580,3.3205,-0.054668
1220,1600,3.3902,-0.058772
1220,1620,3.2925,-0.067132
1220,1640,3.4087,-0.072183
1220,1660,3.5232,-0.076498
1220,1680,3.807,-0.081298
1220,1700,4.089,-0.08892
1220,1720,5.2497,-0.097379
1220,1740,5.3339,-0.100194
1220,1760,6.1004,-0.107345
1220,1780,5.2279,-0.107634
1220,1800,5.3614,-0.118866
1240,1060,0.6661,0.012761
1240,1080,0.6789,0.011525
1240,1100,0.6421,0.010015
1240,1120,0.6665,0.009097
1240,1140,0.6705,0.007138
1240,1160,0.7157,0.005526
1240,1180,0.8014,0.002409
1240,1200,0.8939,0.00084
1240,1220,1.0117,-0.001851
1240,1240,1.0692,-0.0037
1240,1260,1.1469,-0.006805
1240,1280,1.2383,-0.010163
1240,1300,1.3821,-0.012643
1240,1320,1.4253,-0.015478
1240,1340,1.5599,-0.018739
1240,1360,1.6727,-0.021106
1240,1380,1.7922,-0.024435
1240,1400,1.8893,-0.026548
1240,1420,2.007,-0.029867
1240,1440,2.0913,-0.034229
1240,1460,2.2099,-0.03725
1240,1480,2.7495,-0.033796
1240,1500,2.7291,-0.034696
1240,1520,2.7262,-0.038282
1240,1540,2.8365,-0.040186
1240,1560,3.6425,-0.048478
1240,1580,3.3721,-0.051871
1240,1600,3.4523,-0.056288
1240,1620,3.3638,-0.065281
1240,1640,3.4781,-0.068441
1240,1660,3.6414,-0.07
1240,1680,3.8442,-0.076364
1240,1700,4.204,-0.083851
1240,1720,5.3316,-0.092438
1240,1740,5.4163,-0.093707
1240,1760,6.2104,-0.10329
1240,1780,5.2696,-0.103279
1240,1800,5.5338,-0.114915
1260,1060,0.7828,0.014642
1260,1080,0.7885,0.014084
1260,1100,0.7425,0.0125
1260,1120,0.7833,0.011203
1260,1140,0.7876,0.010009
1260,1160,0.8258,0.006732
1260,1180,0.8795,0.004891
1260,1200,0.9872,0.004149
1260,1220,1.0998,0.000935
1260,1240,1.1857,-0.002171
1260,1260,1.2171,-0.004096
1260,1280,1.3371,-0.007861
1260,1300,1.4771,-0.010504
1260,1320,1.4938,-0.013516
1260,1340,1.6268,-0.016652
1260,1360,1.7808,-0.018332
1260,1380,1.8828,-0.022881
1260,1400,1.9616,-0.024641
1260,1420,2.1481,-0.029686
1260,1440,2.1041,-0.031935
1260,1460,2.2751,-0.035617
1260,1480,2.866,-0.029651
1260,1500,2.8623,-0.031334
1260,1520,2.8069,-0.037029
1260,1540,2.9228,-0.038516
1260,1560,3.8073,-0.044797
1260,1580,3.5639,-0.04907
1260,1600,3.5708,-0.052907
1260,1620,3.5074,-0.061468
1260,1640,3.6456,-0.065578
1260,1660,3.6848,-0.067515
1260,1680,3.906,-0.072835
1260,1700,4.293,-0.081314
1260,1720,5.363,-0.088803
1260,1740,5.5353,-0.091426
1260,1760,6.3407,-0.100607
1260,1780,5.3313,-0.100674
1260,1800,5.597,-0.109349
1280,1060,0.9148,0.017554
1280,1080,0.8996,0.016637
1280,1100,0.8513,0.015698
1280,1120,0.8838,0.014014
1280,1140,0.8524,0.012725
1280,1160,0.9935,0.009766
1280,1180,0.9805,0.008158
1280,1200,1.0805,0.005654
1280,1220,1.1912,0.003358
1280,1240,1.2542,0.001835
1280,1260,1.3489,-0.002296
1280,1280,1.4521,-0.005831
1280,1300,1.5715,-0.008464
1280,1320,1.6173,-0.011139
1280,1340,1.7374,-0.013981
1280,1360,1.8685,-0.017409
1280,1380,1.9621,-0.020924
1280,1400,2.0452,-0.023701
1280,1420,2.1918,-0.027492
1280,1440,2.2483,-0.030342
1280,1460,2.3646,-0.034812
1280,1480,2.9799,-0.026331
1280,1500,2.9251,-0.02866
1280,1520,2.8768,-0.033622
1280,1540,2.9945,-0.03547
1280,1560,3.8247,-0.043065
1280,1580,3.5494,-0.045171
1280,1600,3.7154,-0.049365
1280,1620,3.6035,-0.056996
1280,1640,3.7453,-0.062972
1280,1660,3.8617,-0.06366
1280,1680,4.0612,-0.069671
1280,1700,4.3952,-0.077166
1280,1720,5.4546,-0.085531
1280,1740,5.4717,-0.088361
1280,1760,6.4139,-0.097324
1280,1780,5.4863,-0.095966
1280,1800,5.6185,-0.104803
1300,1060,1.0287,0.020637
1300,1080,1.0072,0.018955
1300,1100,0.9927,0.018433
1300,1120,1.0056,0.017145
1300,1140,1.0257,0.015286
1300,1160,1.0971,0.0118
1300,1180,1.0748,0.01011
1300,1200,1.2144,0.008301
1300,1220,1.3298,0.005833
1300,1240,1.373,0.004065
1300,1260,1.4588,0.000235
1300,1280,1.5387,-0.00248
1300,1300,1.6713,-0.006366
1300,1320,1.7213,-0.009767
1300,1340,1.8533,-0.012141
1300,1360,1.9819,-0.014749
1300,1380,2.0683,-0.018422
1300,1400,2.182,-0.021999
1300,1420,2.2776,-0.025283
1300,1440,2.3506,-0.028945
1300,1460,2.457,-0.031617
1300,1480,3.1079,-0.021716
1300,1500,3.0497,-0.024819
1300,1520,2.97,-0.028986
1300,1540,3.108,-0.031561
1300,1560,4.0128,-0.037791
1300,1580,3.7122,-0.042635
1300,1600,3.6447,-0.047401
1300,1620,3.8161,-0.054358
1300,1640,3.8698,-0.059554
1300,1660,3.9557,-0.061345
1300,1680,4.1949,-0.066333
1300,1700,4.5005,-0.072892
1300,1720,5.5601,-0.082329
1300,1740,5.4771,-0.083681
1300,1760,6.4791,-0.091893
1300,1780,5.6068,-0.093502
1300,1800,5.8138,-0.104043
1320,1060,1.2007,0.023214
1320,1080,1.183,0.021841
1320,1100,1.0967,0.021004
1320,1120,1.1058,0.019464
1320,1140,1.087,0.017133
1320,1160,1.1459,0.01507
1320,1180,1.2014,0.012058
1320,1200,1.3746,0.011241
1320,1220,1.4291,0.007869
1320,1240,1.4737,0.006141
1320,1260,1.5516,0.003425
1320,1280,1.6544,-0.000902
1320,1300,1.7609,-0.004131
1320,1320,1.8463,-0.006255
1320,1340,1.9414,-0.009266
1320,1360,2.1187,-0.013223
1320,1380,2.1571,-0.016214
1320,1400,2.2932,-0.01984
1320,1420,2.4289,-0.022795
1320,1440,2.4479,-0.026817
1320,1460,2.5537,-0.029575
1320,1480,3.2543,-0.018393
1320,1500,3.268,-0.020328
1320,1520,3.0956,-0.025246
1320,1540,3.2334,-0.029072
1320,1560,4.1068,-0.033336
1320,1580,3.8734,-0.03828
1320,1600,4.0513,-0.043048
1320,1620,3.9318,-0.049999
1320,1640,4.0029,-0.055036
1320,1660,4.4437,-0.058491
1320,1680,4.3315,-0.062656
1320,1700,4.649,-0.070172
1320,1720,5.5102,-0.078937
1320,1740,5.7734,-0.084924
1320,1760,6.6022,-0.088565
1320,1780,5.8526,-0.091098
1320,1800,5.8587,-0.10045
1340,1060,1.3167,0.026305
1340,1080,1.2889,0.025075
1340,1100,1.251,0.023891
1340,1120,1.2445,0.022025
1340,1140,1.2289,0.020925
1340,1160,1.2408,0.017638
1340,1180,1.4068,0.015023
1340,1200,1.4444,0.013592
1340,1220,1.5453,0.011415
1340,1240,1.5827,0.008196
1340,1260,1.6818,0.005771
1340,1280,1.7874,0.00278
1340,1300,1.8854,-0.001315
1340,1320,1.9602,-0.004529
1340,1340,2.0646,-0.007195
1340,1360,2.1997,-0.01124
1340,1380,2.2997,-0.012694
1340,1400,2.3929,-0.017265
1340,1420,2.5319,-0.021337
1340,1440,2.5589,-0.023768
1340,1460,2.6543,-0.026943
1340,1480,3.3831,-0.014138
1340,1500,3.396,-0.017015
1340,1520,3.1887,-0.021862
1340,1540,3.3763,-0.025911
1340,1560,4.2125,-0.029247
1340,1580,3.9378,-0.035194
1340,1600,4.1938,-0.037892
1340,1620,4.1283,-0.045209
1340,1640,4.2352,-0.050756
1340,1660,4.4084,-0.050583
1340,1680,4.5568,-0.058524
1340,1700,4.8799,-0.06518
1340,1720,5.7852,-0.076235
1340,1740,5.9853,-0.07663
1340,1760,6.7485,-0.084044
1340,1780,5.735,-0.086054
1340,1800,5.9051,-0.095527
1360,1060,1.4994,0.029746
1360,1080,1.4801,0.027817
1360,1100,1.4065,0.027276
1360,1120,1.3885,0.025673
1360,1140,1.3887,0.023098
1360,1160,1.3754,0.020465
1360,1180,1.5499,0.018302
1360,1200,1.5624,0.016923
1360,1220,1.6922,0.013926
1360,1240,1.7304,0.011296
1360,1260,1.7761,0.008862
1360,1280,1.8852,0.004973
1360,1300,1.9978,0.001948
1360,1320,2.081,-0.002088
1360,1340,2.1754,-0.003738
1360,1360,2.3218,-0.007675
1360,1380,2.4058,-0.010441
1360,1400,2.471,-0.015283
1360,1420,2.6366,-0.016986
1360,1440,2.6338,-0.021937
1360,1460,2.7595,-0.024816
1360,1480,3.5526,-0.010045
1360,1500,3.5163,-0.013119
1360,1520,3.3352,-0.018042
1360,1540,3.4667,-0.023076
1360,1560,4.3498,-0.026308
1360,1580,4.1952,-0.030568
1360,1600,4.3991,-0.034282
1360,1620,4.2531,-0.040285
1360,1640,4.3471,-0.046305
1360,1660,4.639,-0.047172
1360,1680,4.6889,-0.055041
1360,1700,4.9878,-0.061756
1360,1720,5.9602,-0.0685
1360,1740,5.9842,-0.073447
1360,1760,6.8326,-0.078539
1360,1780,5.8415,-0.081269
1360,1800,6.1739,-0.09218
1380,1060,1.6172,0.032742
1380,1080,1.667,0.030811
1380,1100,1.5045,0.02951
1380,1120,1.5135,0.028793
1380,1140,1.5893,0.026389
1380,1160,1.478,0.023365
1380,1180,1.6597,0.021678
1380,1200,1.7751,0.020197
1380,1220,1.7982,0.016614
1380,1240,1.8697,0.015135
1380,1260,1.9161,0.012071
1380,1280,2.0061,0.008517
1380,1300,2.1088,0.003849
1380,1320,2.1841,0.001555
1380,1340,2.2932,-0.001081
1380,1360,2.4517,-0.004238
1380,1380,2.5517,-0.008881
1380,1400,2.6208,-0.011662
1380,1420,2.7526,-0.015546
1380,1440,2.7672,-0.019273
1380,1460,2.8829,-0.022021
1380,1480,3.6957,-0.007312
1380,1500,3.5953,-0.010063
1380,1520,3.4863,-0.013189
1380,1540,3.641,-0.016851
1380,1560,4.4852,-0.021675
1380,1580,4.2487,-0.025559
1380,1600,4.4497,-0.032119
1380,1620,4.3908,-0.035808
1380,1640,4.4871,-0.041882
1380,1660,4.7326,-0.045217
1380,1680,4.8633,-0.05062
1380,1700,5.1601,-0.055854
1380,1720,6.076,-0.066619
1380,1740,6.0657,-0.067508
1380,1760,6.9418,-0.07566
1380,1780,5.9733,-0.077352
1380,1800,6.2882,-0.085121
1400,1060,1.7484,0.035104
1400,1080,1.8386,0.034131
1400,1100,1.6751,0.033147
1400,1120,1.6477,0.031666
1400,1140,1.6412,0.029921
1400,1160,1.6488,0.027381
1400,1180,1.9291,0.024436
1400,1200,1.823,0.022639
1400,1220,1.9457,0.020107
1400,1240,1.9934,0.018472
1400,1260,2.0502,0.014073
1400,1280,2.1098,0.011617
1400,1300,2.2249,0.008153
1400,1320,2.3105,0.005024
1400,1340,2.4484,0.001499
1400,1360,2.5954,-0.001617
1400,1380,2.6929,-0.004543
1400,1400,2.763,-0.008291
1400,1420,2.8825,-0.012214
1400,1440,2.8878,-0.016875
1400,1460,2.994,-0.018907
1400,1480,3.8375,-0.001301
1400,1500,3.7104,-0.006339
1400,1520,3.6202,-0.009574
1400,1540,3.789,-0.013492
1400,1560,4.6352,-0.015978
1400,1580,4.4089,-0.022115
1400,1600,4.5829,-0.026318
1400,1620,4.5978,-0.032699
1400,1640,4.6727,-0.035737
1400,1660,4.8725,-0.039376
1400,1680,4.9047,-0.045456
1400,1700,5.3327,-0.052594
1400,1720,6.2266,-0.05815
1400,1740,6.2126,-0.063982
1400,1760,7.0535,-0.071644
1400,1780,6.2356,-0.072299
1400,1800,6.3431,-0.083965
1420,1060,1.9392,0.038344
1420,1080,1.9793,0.037081
1420,1100,1.8154,0.036446
1420,1120,1.7681,0.034361
1420,1140,1.7996,0.033535
1420,1160,1.7533,0.030473
1420,1180,1.9084,0.026881
1420,1200,1.9356,0.026822
1420,1220,2.0387,0.023366
1420,1240,2.1111,0.022519
1420,1260,2.2208,0.018188
1420,1280,2.2727,0.014918
1420,1300,2.3568,0.009783
1420,1320,2.5133,0.008792
1420,1340,2.55,0.00428
1420,1360,2.7148,0.001788
1420,1380,2.7798,-0.002265
1420,1400,2.8542,-0.006455
1420,1420,2.9969,-0.009963
1420,1440,3.0256,-0.013787
1420,1460,3.1466,-0.016699
1420,1480,3.9821,0.002592
1420,1500,3.8727,-0.000698
1420,1520,3.8576,-0.005205
1420,1540,3.9663,-0.008747
1420,1560,4.814,-0.012419
1420,1580,4.7041,-0.018041
1420,1600,4.7379,-0.021699
1420,1620,4.8681,-0.027076
1420,1640,4.8898,-0.034332
1420,1660,4.9261,-0.03553
1420,1680,5.1428,-0.04252
1420,1700,5.4319,-0.047081
1420,1720,6.4454,-0.052805
1420,1740,6.3452,-0.058038
1420,1760,7.2435,-0.063701
1420,1780,6.3628,-0.068413
1420,1800,6.3728,-0.078297
1440,1060,2.0848,0.041395
1440,1080,2.0894,0.040587
1440,1100,1.9601,0.039077
1440,1120,1.8934,0.037205
1440,1140,2.0259,0.037546
1440,1160,1.8671,0.033463
1440,1180,2.1213,0.031914
1440,1200,2.0642,0.030082
1440,1220,2.1982,0.027146
1440,1240,2.2542,0.025213
1440,1260,2.3571,0.021392
1440,1280,2.334,0.018395
1440,1300,2.4925,0.0134
1440,1320,2.5985,0.012245
1440,1340,2.639,0.008213
1440,1360,2.7945,0.005296
1440,1380,2.9162,0.001304
1440,1400,2.9724,-0.002776
1440,1420,3.1412,-0.00614
1440,1440,3.149,-0.010137
1440,1460,3.2895,-0.014275
1440,1480,4.1831,0.006894
1440,1500,4.1235,0.002559
1440,1520,3.9476,-0.002389
1440,1540,4.1331,-0.003944
1440,1560,4.9662,-0.0081
1440,1580,4.7362,-0.014114
1440,1600,4.8776,-0.016908
1440,1620,5.0409,-0.020815
1440,1640,5.1122,-0.028258
1440,1660,5.1653,-0.031721
1440,1680,5.3164,-0.037366
1440,1700,5.5584,-0.042831
1440,1720,6.517,-0.050083
1440,1740,6.4508,-0.053003
1440,1760,7.3897,-0.057926
1440,1780,6.6279,-0.063266
1440,1800,6.3629,-0.070663
1460,1060,2.1797,0.045148
1460,1080,2.2116,0.043513
1460,1100,2.1473,0.042792
1460,1120,2.0824,0.041552
1460,1140,2.1994,0.040341
1460,1160,1.9778,0.037206
1460,1180,2.3123,0.035123
1460,1200,2.1853,0.032567
1460,1220,2.3382,0.030403
1460,1240,2.4134,0.028355
1460,1260,2.5095,0.024821
1460,1280,2.5577,0.021127
1460,1300,2.6265,0.01715
1460,1320,2.7096,0.014999
1460,1340,2.7755,0.011884
1460,1360,2.9115,0.0081
1460,1380,3.0434,0.003748
1460,1400,3.1298,0.001248
1460,1420,3.2891,-0.004744
1460,1440,3.2751,-0.008484
1460,1460,3.4159,-0.010634
1460,1480,4.2677,0.009098
1460,1500,4.267,0.006552
1460,1520,4.3421,0.002602
1460,1540,4.2572,-0.000483
1460,1560,5.1294,-0.003416
1460,1580,4.8376,-0.009388
1460,1600,5.0395,-0.012586
1460,1620,5.065,-0.017654
1460,1640,5.2771,-0.020988
1460,1660,5.2455,-0.027362
1460,1680,5.436,-0.034178
1460,1700,5.6921,-0.038592
1460,1720,6.6998,-0.044448
1460,1740,6.6272,-0.047832
1460,1760,7.5593,-0.054509
1460,1780,6.9351,-0.056433
1460,1800,6.5552,-0.066755
1480,1060,2.4655,0.04807
1480,1080,2.1956,0.047523
1480,1100,2.2767,0.046215
1480,1120,2.1745,0.044607
1480,1140,2.3177,0.042804
1480,1160,2.1607,0.040911
1480,1180,2.4053,0.037175
1480,1200,2.3486,0.036623
1480,1220,2.4974,0.034047
1480,1240,2.5383,0.031023
1480,1260,2.631,0.027836
1480,1280,2.7782,0.023235
1480,1300,2.7401,0.020138
1480,1320,2.8624,0.018284
1480,1340,2.8927,0.013067
1480,1360,3.0985,0.010976
1480,1380,3.1879,0.006414
1480,1400,3.2538,0.003282
1480,1420,3.3647,-0.000653
1480,1440,3.3591,-0.004139
1480,1460,3.5182,-0.007831
1480,1480,4.4602,0.015084
1480,1500,4.3781,0.012178
1480,1520,4.4912,0.0076
1480,1540,4.3778,0.002492
1480,1560,5.2775,-0.000307
1480,1580,4.8927,-0.005028
1480,1600,5.1614,-0.008665
1480,1620,5.1368,-0.013389
1480,1640,5.4089,-0.020603
1480,1660,5.4137,-0.022326
1480,1680,5.5898,-0.031402
1480,1700,5.8202,-0.03448
1480,1720,6.8836,-0.039729
1480,1740,6.8061,-0.043723
1480,1760,7.7572,-0.049619
1480,1780,6.972,-0.053326
1480,1800,6.9012,-0.061677
1500,1060,2.6501,0.05115
1500,1080,2.3269,0.049559
1500,1100,2.4548,0.049966
1500,1120,2.4455,0.049479
1500,1140,2.4683,0.04717
1500,1160,2.3247,0.04399
1500,1180,2.522,0.040872
1500,1200,2.4934,0.040879
1500,1220,2.6907,0.037179
1500,1240,2.6902,0.035204
1500,1260,2.7822,0.031243
1500,1280,2.9636,0.027586
1500,1300,2.9204,0.02415
1500,1320,3.0105,0.020812
1500,1340,3.0373,0.018803
1500,1360,3.2091,0.014508
1500,1380,3.3003,0.01135
1500,1400,3.3903,0.007422
1500,1420,3.497,0.002251
1500,1440,3.538,-0.00144
1500,1460,3.6803,-0.005928
1500,1480,4.5054,0.019403
1500,1500,4.4682,0.013953
1500,1520,4.5966,0.010925
1500,1540,4.7,0.006009
1500,1560,5.6163,0.005709
1500,1580,5.147,0.000861
1500,1600,5.2885,-0.003165
1500,1620,5.4995,-0.011093
1500,1640,5.5758,-0.013859
1500,1660,5.5734,-0.019589
1500,1680,5.7799,-0.024354
1500,1700,5.9771,-0.03017
1500,1720,7.0968,-0.032415
1500,1740,6.9689,-0.039159
1500,1760,7.931,-0.043825
1500,1780,7.1293,-0.047315
1500,1800,6.9695,-0.058934
1520,1060,2.5883,0.05498
1520,1080,2.6036,0.056091
1520,1100,2.6391,0.053687
1520,1120,2.5994,0.052927
1520,1140,2.5771,0.050584
1520,1160,2.4351,0.047432
1520,1180,2.5515,0.044951
1520,1200,2.6182,0.044191
1520,1220,2.7672,0.040564
1520,1240,2.8739,0.038196
1520,1260,2.9132,0.03444
1520,1280,3.1126,0.031409
1520,1300,3.0553,0.027131
1520,1320,3.1473,0.024318
1520,1340,3.2194,0.022894
1520,1360,3.3489,0.01791
1520,1380,3.4079,0.013217
1520,1400,3.4846,0.011127
1520,1420,3.6307,0.006636
1520,1440,3.7009,0.001273
1520,1460,3.8039,-0.002438
1520,1480,4.7346,0.023765
1520,1500,4.5732,0.016274
1520,1520,4.7248,0.01381
1520,1540,4.6985,0.009949
1520,1560,5.7147,0.009471
1520,1580,5.2172,0.003621
1520,1600,5.4801,1e-06
1520,1620,5.7541,-0.003249
1520,1640,5.6539,-0.009129
1520,1660,5.7447,-0.013478
1520,1680,5.9241,-0.022867
1520,1700,6.1049,-0.024809
1520,1720,7.2577,-0.030677
1520,1740,7.0934,-0.035617
1520,1760,8.0224,-0.040817
1520,1780,7.2423,-0.043025
1520,1800,7.5238,-0.048884
1540,1060,2.7374,0.059851
1540,1080,2.719,0.059383
1540,1100,2.9012,0.056255
1540,1120,2.7753,0.056281
1540,1140,2.7417,0.054032
1540,1160,2.625,0.052754
1540,1180,2.7281,0.050306
1540,1200,2.7836,0.046582
1540,1220,3.0021,0.044931
1540,1240,2.9454,0.041597
1540,1260,3.0869,0.038089
1540,1280,3.2669,0.034265
1540,1300,3.2248,0.030791
1540,1320,3.2873,0.028367
1540,1340,3.3453,0.025419
1540,1360,3.508,0.022142
1540,1380,3.6395,0.01807
1540,1400,3.6829,0.01411
1540,1420,3.8403,0.010257
1540,1440,3.8162,0.004809
1540,1460,3.9371,0.002101
1540,1480,4.9482,0.028498
1540,1500,4.8132,0.022157
1540,1520,4.8251,0.018392
1540,1540,4.846,0.015581
1540,1560,5.7691,0.015792
1540,1580,5.504,0.007918
1540,1600,5.575,0.002788
1540,1620,5.8671,0.001893
1540,1640,5.9181,-0.00396
1540,1660,5.8907,-0.009093
1540,1680,6.1121,-0.016418
1540,1700,6.3153,-0.018561
1540,1720,7.4752,-0.024256
1540,1740,7.3068,-0.028935
1540,1760,7.9419,-0.038567
1540,1780,7.4378,-0.037142
1540,1800,7.4483,-0.047317
1560,1060,2.874,0.062725
1560,1080,2.8783,0.062725
1560,1100,3.2066,0.06038
1560,1120,2.9125,0.060395
1560,1140,2.9375,0.058604
1560,1160,2.7501,0.055682
1560,1180,2.837,0.054024
1560,1200,2.9859,0.052121
1560,1220,3.1234,0.048571
1560,1240,3.0579,0.044751
1560,1260,3.2763,0.042076
1560,1280,3.3982,0.037907
1560,1300,3.3561,0.035374
1560,1320,3.4483,0.034406
1560,1340,3.5036,0.028142
1560,1360,3.6272,0.024513
1560,1380,3.7917,0.021642
1560,1400,3.7771,0.018088
1560,1420,3.9033,0.014124
1560,1440,4.0207,0.008286
1560,1460,4.0414,0.005038
1560,1480,5.1462,0.031585
1560,1500,5.0041,0.027478
1560,1520,5.0691,0.022897
1560,1540,5.0889,0.01922
1560,1560,5.7208,0.018014
1560,1580,5.6241,0.01262
1560,1600,5.6527,0.008052
1560,1620,6.0798,0.008432
1560,1640,6.0521,-0.001735
1560,1660,5.8397,-0.005487
1560,1680,6.2828,-0.010489
1560,1700,6.4821,-0.014708
1560,1720,7.5635,-0.022478
1560,1740,7.4762,-0.023659
1560,1760,8.0809,-0.032231
1560,1780,7.4926,-0.034743
1560,1800,7.5282,-0.043671
1580,1060,2.9665,0.066829
1580,1080,2.8997,0.06655
1580,1100,3.3377,0.063498
1580,1120,3.0668,0.064165
1580,1140,3.0929,0.061717
1580,1160,2.873,0.05906
1580,1180,3.0201,0.057292
1580,1200,3.1434,0.055323
1580,1220,3.283,0.053044
1580,1240,3.2979,0.050469
1580,1260,3.3656,0.046091
1580,1280,3.5965,0.041584
1580,1300,3.5109,0.03761
1580,1320,3.5968,0.035276
1580,1340,3.6924,0.032303
1580,1360,3.8202,0.029392
1580,1380,3.8918,0.02502
1580,1400,3.9584,0.023043
1580,1420,3.9583,0.018132
1580,1440,4.1914,0.011669
1580,1460,4.22,0.008014
1580,1480,5.3411,0.037329
1580,1500,4.9674,0.029125
1580,1520,5.2187,0.026535
1580,1540,5.2921,0.02502
1580,1560,6.1092,0.025499
1580,1580,5.7229,0.018811
1580,1600,5.8253,0.014265
1580,1620,6.51,0.012391
1580,1640,6.2943,0.006896
1580,1660,6.0475,0.000718
1580,1680,6.4624,-0.006724
1580,1700,6.5993,-0.011287
1580,1720,7.7276,-0.017349
1580,1740,7.5788,-0.021211
1580,1760,8.3831,-0.028144
1580,1780,7.685,-0.029794
1580,1800,7.7535,-0.034516
1600,1060,3.1137,0.073115
1600,1080,3.0274,0.070191
1600,1100,3.4754,0.067463
1600,1120,3.2105,0.070056
1600,1140,3.2442,0.066241
1600,1160,2.971,0.064516
1600,1180,3.2045,0.061777
1600,1200,3.3116,0.060064
1600,1220,3.3638,0.056017
1600,1240,3.4692,0.054031
1600,1260,3.5702,0.049322
1600,1280,3.737,0.045681
1600,1300,3.6523,0.042833
1600,1320,3.7551,0.040362
1600,1340,3.8026,-0.007132
1600,1360,4.0391,0.034148
1600,1380,4.0576,0.028398
1600,1400,4.1103,0.024644
1600,1420,3.9968,0.02008
1600,1440,4.3811,0.01694
1600,1460,4.3664,0.011931
1600,1480,5.3851,0.042324
1600,1500,5.3111,0.035652
1600,1520,5.2414,0.033148
1600,1540,5.5516,0.029005
1600,1560,6.309,0.027786
1600,1580,6.094,0.022667
1600,1600,5.9971,0.018857
1600,1620,6.5825,0.016843
1600,1640,6.3865,0.010406
1600,1660,6.2341,0.005968
1600,1680,6.7546,-0.001549
1600,1700,6.6702,-0.003306
1600,1720,7.9583,-0.013581
1600,1740,7.8244,-0.015061
1600,1760,8.6951,-0.020435
1600,1780,8.1243,-0.022365
1600,1800,7.8795,-0.028002
1620,1060,3.4644,0.076058
1620,1080,3.1216,0.074053
1620,1100,3.7614,0.072307
1620,1120,3.2637,0.072832
1620,1140,3.4015,0.070799
1620,1160,3.0903,0.070085
1620,1180,3.3161,0.065558
1620,1200,3.4647,0.06293
1620,1220,3.5158,0.061253
1620,1240,3.5471,0.058578
1620,1260,3.7496,0.053187
1620,1280,3.7718,0.050378
1620,1300,3.7872,0.045292
1620,1320,3.9311,0.045693
1620,1340,3.9399,0.040608
1620,1360,4.1484,0.036672
1620,1380,4.255,0.033158
1620,1400,4.2772,0.028224
1620,1420,4.1198,0.023294
1620,1440,4.474,0.019479
1620,1460,4.5193,0.015011
1620,1480,5.1427,0.043818
1620,1500,5.1912,0.039945
1620,1520,5.4982,0.036841
1620,1540,5.7159,0.034278
1620,1560,6.4987,0.03497
1620,1580,6.3275,0.027697
1620,1600,6.0573,0.023415
1620,1620,6.8404,0.022463
1620,1640,6.7519,0.016408
1620,1660,6.4829,0.0096
1620,1680,6.8705,0.002531
1620,1700,6.9608,-0.000355
1620,1720,8.1016,-0.004849
1620,1740,7.9768,-0.010561
1620,1760,8.8523,-0.014643
1620,1780,8.2726,-0.018156
1620,1800,8.0197,-0.023618
1640,1060,3.4864,0.080827
1640,1080,3.286,0.079202
1640,1100,3.7241,0.076563
1640,1120,3.3487,0.077552
1640,1140,3.4802,0.075723
1640,1160,3.1825,0.074513
1640,1180,3.4184,0.068591
1640,1200,3.5562,0.06844
1640,1220,3.6581,0.065455
1640,1240,3.6977,0.062295
1640,1260,3.8128,0.058224
1640,1280,3.9619,0.053387
1640,1300,3.9667,0.051264
1640,1320,4.0205,0.04862
1640,1340,4.0621,0.045256
1640,1360,4.2976,0.041688
1640,1380,4.3822,0.037113
1640,1400,4.4079,0.033303
1640,1420,4.3326,0.029578
1640,1440,4.6173,0.022052
1640,1460,4.6367,0.020508
1640,1480,5.8127,0.053577
1640,1500,5.3622,0.045217
1640,1520,5.6122,0.040856
1640,1540,5.8382,0.035964
1640,1560,6.6776,0.038884
1640,1580,6.433,0.032376
1640,1600,6.2787,0.029247
1640,1620,6.8993,0.026837
1640,1640,6.7946,0.01854
1640,1660,6.614,0.015394
1640,1680,7.0418,0.008455
1640,1700,7.009,0.000435
1640,1720,8.2273,-0.00091
1640,1740,8.129,-0.006687
1640,1760,8.997,-0.01101
1640,1780,8.3574,-0.015868
1640,1800,8.2765,-0.018152
1660,1060,3.5368,0.085057
1660,1080,3.2911,0.082438
1660,1100,3.6553,0.081507
1660,1120,3.5684,0.082909
1660,1140,3.6269,0.080716
1660,1160,3.3038,0.079275
1660,1180,3.625,0.074766
1660,1200,3.6468,0.072765
1660,1220,3.7214,0.070332
1660,1240,3.7912,0.066647
1660,1260,3.8913,0.063066
1660,1280,4.055,0.059322
1660,1300,4.0672,0.053147
1660,1320,4.1876,0.053336
1660,1340,4.2445,0.048542
1660,1360,4.4287,0.046118
1660,1380,4.5008,0.042817
1660,1400,4.5819,0.037494
1660,1420,4.4013,0.033293
1660,1440,4.6915,0.026984
1660,1460,4.9065,0.021844
1660,1480,5.9132,0.057296
1660,1500,5.6307,0.049947
1660,1520,5.5896,0.046016
1660,1540,6.064,0.042197
1660,1560,6.8333,0.042509
1660,1580,6.6346,0.036703
1660,1600,6.6626,0.031233
1660,1620,7.0839,0.030216
1660,1640,7.0474,0.025907
1660,1660,6.8366,0.020776
1660,1680,7.2579,0.010096
1660,1700,7.3783,0.008922
1660,1720,8.494,0.005408
1660,1740,8.3054,0.001031
1660,1760,9.1348,-0.003801
1660,1780,8.5434,-0.006382
1660,1800,8.396,-0.013568
1680,1060,4.0608,0.095308
1680,1080,3.6532,0.09249
1680,1100,3.8682,0.090276
1680,1120,3.7041,0.090274
1680,1140,4.0073,0.088686
1680,1160,3.2286,0.089266
1680,1180,3.6049,0.082264
1680,1200,3.8883,0.081284
1680,1220,3.8503,0.081266
1680,1240,3.9212,0.078625
1680,1260,3.9699,0.072438
1680,1280,4.0865,0.068158
1680,1300,4.2101,0.064385
1680,1320,4.3946,0.061878
1680,1340,4.3959,0.059542
1680,1360,4.6483,0.057186
1680,1380,4.7515,0.052386
1680,1400,4.8858,0.046054
1680,1420,4.6472,0.041608
1680,1440,4.8597,0.036532
1680,1460,5.0479,0.033577
1680,1480,6.2977,0.06723
1680,1500,5.995,0.061616
1680,1520,6.1818,0.057007
1680,1540,6.4452,0.053951
1680,1560,7.2635,0.053393
1680,1580,7.0836,0.047984
1680,1600,7.0193,0.043504
1680,1620,7.5974,0.041322
1680,1640,7.3876,0.034531
1680,1660,7.2368,0.029565
1680,1680,7.6168,0.023028
1680,1700,7.6255,0.017989
1680,1720,8.8361,0.014112
1680,1740,8.6958,0.012974
1680,1760,9.5249,0.009002
1680,1780,8.9167,0.003782
1680,1800,8.7057,-0.000596
1700,1060,4.3353,0.101216
1700,1080,3.7589,0.096443
1700,1100,4.0829,0.09473
1700,1120,3.7801,0.095834
1700,1140,4.2826,0.094054
1700,1160,3.6554,0.093186
1700,1180,3.8406,0.085771
1700,1200,3.9007,0.085255
1700,1220,3.816,0.083079
1700,1240,3.9536,0.079361
1700,1260,4.0308,0.074769
1700,1280,4.2252,0.073632
1700,1300,4.3988,0.067481
1700,1320,4.3917,0.066786
1700,1340,4.4675,0.062692
1700,1360,4.5906,0.058562
1700,1380,4.8187,0.054552
1700,1400,4.9441,0.05152
1700,1420,4.7169,0.04701
1700,1440,5.019,0.038989
1700,1460,5.2488,0.035922
1700,1480,6.2909,0.070089
1700,1500,6.1351,0.064496
1700,1520,6.1043,0.059522
1700,1540,6.3507,0.056861
1700,1560,7.6016,0.05697
1700,1580,7.4159,0.054698
1700,1600,7.3238,0.049649
1700,1620,7.8716,0.046786
1700,1640,7.684,0.038551
1700,1660,7.4811,0.034429
1700,1680,7.7762,0.028458
1700,1700,8.0196,0.02279
1700,1720,9.0578,0.020677
1700,1740,8.7821,0.016374
1700,1760,9.6191,0.01306
1700,1780,9.0631,0.010101
1700,1800,8.9046,0.003631
1720,1060,4.3836,0.103446
1720,1080,3.8702,0.101745
1720,1100,4.1776,0.10051
1720,1120,3.9644,0.101038
1720,1140,4.3533,0.099361
1720,1160,3.4739,0.09806
1720,1180,3.9283,0.091151
1720,1200,3.9887,0.09085
1720,1220,3.9277,0.087985
1720,1240,4.0522,0.084615
1720,1260,4.1101,0.079838
1720,1280,4.2817,0.075598
1720,1300,4.3793,0.07417
1720,1320,4.4853,0.071606
1720,1340,4.5355,0.068861
1720,1360,4.761,0.063154
1720,1380,4.8873,0.058638
1720,1400,5.155,0.05411
1720,1420,4.798,0.051635
1720,1440,5.096,0.043746
1720,1460,5.287,0.040546
1720,1480,5.0352,0.031666
1720,1500,6.5315,0.068045
1720,1520,6.5065,0.064106
1720,1540,6.5836,0.060722
1720,1560,7.4581,0.06004
1720,1580,7.5011,0.05677
1720,1600,7.1424,0.051639
1720,1620,8.1096,0.050449
1720,1640,7.9456,0.04423
1720,1660,7.7421,0.039639
1720,1680,7.9771,0.030438
1720,1700,8.2572,0.029353
1720,1720,9.3922,0.02659
1720,1740,9.0272,0.021283
1720,1760,9.7714,0.01651
1720,1780,9.2239,0.009599
1720,1800,9.0721,0.006891
1740,1060,4.433,0.108917
1740,1080,4.1016,0.106445
1740,1100,4.3762,0.104484
1740,1120,4.2205,0.104426
1740,1140,4.467,0.104718
1740,1160,3.7272,0.101229
1740,1180,3.9567,0.095684
1740,1200,4.0236,0.094583
1740,1220,4.0736,0.093603
1740,1240,4.1703,0.088389
1740,1260,4.1466,0.084237
1740,1280,4.3475,0.081372
1740,1300,4.5126,0.079206
1740,1320,4.6079,0.075463
1740,1340,4.6704,0.072331
1740,1360,4.8502,0.067408
1740,1380,5.028,0.063084
1740,1400,5.1935,0.05824
1740,1420,4.8106,0.05537
1740,1440,5.0396,0.04955
1740,1460,5.4101,0.043774
1740,1480,5.1278,0.036604
1740,1500,6.6889,0.073052
1740,1520,6.4215,0.066364
1740,1540,6.692,0.064678
1740,1560,7.5768,0.06682
1740,1580,7.6831,0.062516
1740,1600,7.2659,0.057552
1740,1620,8.16,0.055954
1740,1640,8.3142,0.050085
1740,1660,7.7588,0.04347
1740,1680,8.097,0.034844
1740,1700,8.3198,0.032057
1740,1720,9.4575,0.032741
1740,1740,9.183,0.027526
1740,1760,9.9504,0.025392
1740,1780,9.4132,0.020933
1740,1800,9.242,0.009976
1760,1060,4.5443,0.116708
1760,1080,4.4476,0.111189
1760,1100,4.6844,0.109837
1760,1120,4.4178,0.108101
1760,1140,4.6289,0.109038
1760,1160,3.9876,0.104877
1760,1180,4.0078,0.101347
1760,1200,4.1458,0.100978
1760,1220,4.1334,0.098581
1760,1240,4.258,0.093824
1760,1260,4.278,0.089573
1760,1280,4.492,0.084098
1760,1300,4.7006,0.081714
1760,1320,4.7718,0.079288
1760,1340,4.7842,0.076789
1760,1360,4.9854,0.072396
1760,1380,5.0877,0.069747
1760,1400,5.2734,0.064071
1760,1420,4.9265,0.059969
1760,1440,5.1842,0.05379
1760,1460,5.3912,0.047733
1760,1480,5.1444,0.03921
1760,1500,6.8404,0.077253
1760,1520,6.8009,0.073145
1760,1540,6.7949,0.068794
1760,1560,7.9296,0.071067
1760,1580,7.9459,0.066497
1760,1600,7.3976,0.062151
1760,1620,8.3737,0.060949
1760,1640,8.8171,0.055314
1760,1660,8.1611,0.049222
1760,1680,8.2419,0.039218
1760,1700,8.6308,0.038504
1760,1720,9.5631,0.035863
1760,1740,9.2869,0.030964
1760,1760,10.1517,0.028853
1760,1780,9.601,0.025343
1760,1800,9.4263,0.01767
1780,1060,4.5471,0.118726
1780,1080,4.5801,0.115828
1780,1100,4.9401,0.115648
1780,1120,4.7304,0.112165
1780,1140,4.8116,0.111953
1780,1160,4.1166,0.108345
1780,1180,4.3329,0.104563
1780,1200,4.1891,0.103678
1780,1220,4.1885,0.103158
1780,1240,4.3488,0.098194
1780,1260,4.4075,0.093769
1780,1280,4.5983,0.091002
1780,1300,4.6944,0.08652
1780,1320,4.7667,0.084114
1780,1340,4.9497,0.079747
1780,1360,5.0532,0.075038
1780,1380,5.2798,0.072558
1780,1400,5.3962,0.068265
1780,1420,5.1608,0.062868
1780,1440,5.382,0.058355
1780,1460,5.6282,0.05216
1780,1480,5.1998,0.042682
1780,1500,7.0402,0.084288
1780,1520,6.7715,0.077315
1780,1540,7.2398,0.075503
1780,1560,8.1037,0.074759
1780,1580,8.0659,0.071769
1780,1600,7.4693,0.063977
1780,1620,8.5451,0.065542
1780,1640,8.4805,0.058808
1780,1660,8.2872,0.052101
1780,1680,8.3407,0.046906
1780,1700,8.8602,0.041977
1780,1720,9.8065,0.041523
1780,1740,9.5017,0.036865
1780,1760,10.3125,0.033193
1780,1780,9.7688,0.030757
1780,1800,9.5711,0.02259
1800,1060,4.8904,0.123224
1800,1080,4.7085,0.119212
1800,1100,4.9362,0.117784
1800,1120,5.0883,0.117377
1800,1140,4.6955,0.115909
1800,1160,4.3504,0.112522
1800,1180,4.4452,0.110194
1800,1200,4.5455,0.109059
1800,1220,4.2804,0.106476
1800,1240,4.3719,0.10424
1800,1260,4.5881,0.098483
1800,1280,4.596,0.096437
1800,1300,4.87,0.092752
1800,1320,4.8879,0.090296
1800,1340,5.1124,0.086818
1800,1360,5.2232,0.082395
1800,1380,5.3029,0.078694
1800,1400,5.5276,0.072918
1800,1420,5.3455,0.068091
1800,1440,5.4541,0.063869
1800,1460,5.6961,0.056085
1800,1480,7.5122,0.099227
1800,1500,7.0452,0.088277
1800,1520,7.1716,0.082979
1800,1540,7.1494,0.079832
1800,1560,8.087,0.08007
1800,1580,7.9742,0.077206
1800,1600,7.6224,0.070286
1800,1620,8.824,0.071842
1800,1640,8.7397,0.064249
1800,1660,8.5178,0.058744
1800,1680,8.4784,0.05355
1800,1700,9.2893,0.047069
1800,1720,9.763,0.046793
1800,1740,9.5257,0.041925
1800,1760,10.5225,0.0395
1800,1780,9.975,0.032463
1800,1800,9.6616,0.027878
